# 34道作业题

## 1. 取得每个部门最高薪水的人员名称

需要首先获得每个部门的最高薪水

```mysql
mysql> select deptno, max(sal) as maxsal from emp group by deptno;
+--------+---------+
| deptno | maxsal  |
+--------+---------+
|     20 | 3000.00 |
|     30 | 2850.00 |
|     10 | 5000.00 |
+--------+---------+
3 rows in set (0.00 sec)
```

然后将上述返回结果作为表`t`和表`emp`自身连接，获取部门编号相同并且`emp`中薪水和`t`中薪水相同的记录

```mysql
mysql> select e.ename, t.* from emp e join (select deptno, max(sal) as maxsal from emp group by deptno) t on t.deptno = e.deptno and t.maxsal = e.sal;
+-------+--------+---------+
| ename | deptno | maxsal  |
+-------+--------+---------+
| BLAKE |     30 | 2850.00 |
| SCOTT |     20 | 3000.00 |
| KING  |     10 | 5000.00 |
| FORD  |     20 | 3000.00 |
+-------+--------+---------+
4 rows in set (0.00 sec)
```

## 2. 哪些人的薪水在部门的平均薪水之上

首先获取部门的平均薪水

```mysql
mysql> select deptno, avg(sal) as avgsal from emp group by deptno;
+--------+-------------+
| deptno | avgsal      |
+--------+-------------+
|     20 | 2175.000000 |
|     30 | 1566.666667 |
|     10 | 2916.666667 |
+--------+-------------+
3 rows in set (0.00 sec)
```

上述结果作为`t`，然后连接原表`emp`，判断薪水大于平均薪资

```mysql
mysql> select e.ename, e.sal from emp e join (select deptno, avg(sal) as avgsal from emp group by deptno) t on e.sal > t.avgsal and t.deptno = e.deptno;
+-------+---------+
| ename | sal     |
+-------+---------+
| ALLEN | 1600.00 |
| JONES | 2975.00 |
| BLAKE | 2850.00 |
| SCOTT | 3000.00 |
| KING  | 5000.00 |
| FORD  | 3000.00 |
+-------+---------+
6 rows in set (0.00 sec)
```

## 3. 取得部门中所有人的平均薪水等级

首先获得每个人的薪水等级

```mysql
mysql> select e.ename, e.sal, e.deptno, s.grade from emp e join salgrade s on e.sal between s.losal and s.hisal;
+--------+---------+--------+-------+
| ename  | sal     | deptno | grade |
+--------+---------+--------+-------+
| SMITH  |  800.00 |     20 |     1 |
| ALLEN  | 1600.00 |     30 |     3 |
| WARD   | 1250.00 |     30 |     2 |
| JONES  | 2975.00 |     20 |     4 |
| MARTIN | 1250.00 |     30 |     2 |
| BLAKE  | 2850.00 |     30 |     4 |
| CLARK  | 2450.00 |     10 |     4 |
| SCOTT  | 3000.00 |     20 |     4 |
| KING   | 5000.00 |     10 |     5 |
| TURNER | 1500.00 |     30 |     3 |
| ADAMS  | 1100.00 |     20 |     1 |
| JAMES  |  950.00 |     30 |     1 |
| FORD   | 3000.00 |     20 |     4 |
| MILLER | 1300.00 |     10 |     2 |
+--------+---------+--------+-------+
14 rows in set (0.00 sec)
```

然后将上述表的结果作为临时表`t`，根据部门分组计算平均薪资等级

```mysql
mysql> select t.deptno, avg(t.grade) as avg_grade from (select e.ename, e.sal, e.deptno, s.grade from emp e join salgrade s on e.sal between s.losal and s.hisal) t group by t.deptno order by deptno;
+--------+-----------+
| deptno | avg_grade |
+--------+-----------+
|     10 |    3.6667 |
|     20 |    2.8000 |
|     30 |    2.5000 |
+--------+-----------+
3 rows in set (0.00 sec)
```

## 4. 不准用组函数`max`，取得最高薪水

给出两种方案

* 第一种：`sal`降序排列，第一条记录就是最高薪水

  ```mysql
  mysql> select ename, sal from emp order by sal desc limit 0,1;
  +-------+---------+
  | ename | sal     |
  +-------+---------+
  | KING  | 5000.00 |
  +-------+---------+
  1 row in set (0.00 sec)
  ```

* 第二种：**表的自连接**(没有理解)

  ```mysql
  mysql> select ename, sal from emp where sal not in (select distinct a.sal from emp a join emp b on a.sal < b.sal);
  +-------+---------+
  | ename | sal     |
  +-------+---------+
  | KING  | 5000.00 |
  +-------+---------+
  1 row in set (0.00 sec)
  ```

## 5. 取得平均薪水最高的部门的部门编号

至少给出两种解决方案

* 第一种：直接计算平均薪水，然后按照平均薪水降序排列，获取第一个部门

  ```mysql
  mysql> select deptno, avg(sal) as avgsal from emp group by deptno order by avgsal desc limit 0, 1;
  +--------+-------------+
  | deptno | avgsal      |
  +--------+-------------+
  |     10 | 2916.666667 |
  +--------+-------------+
  1 row in set (0.00 sec)
  ```

* 第二种：同样计算平均薪水，然后通过`max`找到最高平均薪水，然后查找`emp`表中和最高平均薪水相等的部门

  ```mysql
  mysql> select deptno, avg(sal) as avgsal from emp group by deptno having avgsal = (select max(t.avgsal) from (select deptno, avg(sal) as avgsal from emp group by deptno) t);
  +--------+-------------+
  | deptno | avgsal      |
  +--------+-------------+
  |     10 | 2916.666667 |
  +--------+-------------+
  1 row in set (0.00 sec)
  ```

## 6. 取得平均薪水最高的部门的部门名称

通过5题可以得到平均薪水最高的部门，然后通过部门编号从`dept`表中获取对应部门名称

```mysql
mysql> select t.deptno, d.dname from dept d join (select deptno, avg(sal) as avgsal from emp group by deptno order by avgsal desc limit 0, 1) t on t.deptno = d.deptno;
+--------+------------+
| deptno | dname      |
+--------+------------+
|     10 | ACCOUNTING |
+--------+------------+
1 row in set (0.00 sec)
```

## 7. 求平均薪水的等级最低的部门名称

直接可以修改6中答案，将`order by`中的`desc`去掉

```mysql
mysql> select t.deptno, d.dname from dept d join (select deptno, avg(sal) as avgsal from emp group by deptno order by avgsal limit 0, 1) t on t.deptno = d.deptno;
+--------+-------+
| deptno | dname |
+--------+-------+
|     30 | SALES |
+--------+-------+
1 row in set (0.00 sec)
```

## 8. 取得比普通员工（员工代码没有在`mgr`字段上出现的)的最高薪水还要高的领导人姓名

首先需要找到普通员工，查看`mgr`没有出现员工代码的就是普通员工，也可以换而言之，先找在`mgr`出现的，然后判断取反操作获得普通员工

```mysql
mysql> select distinct mgr from emp where mgr is not null;
+------+
| mgr  |
+------+
| 7902 |
| 7698 |
| 7839 |
| 7566 |
| 7788 |
| 7782 |
+------+
6 rows in set (0.00 sec)
```

上述获得管理层员工代码，然后没有在其中出现的代码就是普通员工，这样我们可以得到普通员工的最高工资

```mysql
mysql> select max(sal) from emp where empno not in (select distinct mgr from emp where mgr is not null);
+----------+
| max(sal) |
+----------+
|  1600.00 |
+----------+
1 row in set (0.00 sec)
```

然后获取比该工资还要高的领导人姓名

```mysql
mysql> select ename, sal from emp where sal > (select max(sal) from emp where empno not in (select distinct mgr from emp where mgr is not null));
+-------+---------+
| ename | sal     |
+-------+---------+
| JONES | 2975.00 |
| BLAKE | 2850.00 |
| CLARK | 2450.00 |
| SCOTT | 3000.00 |
| KING  | 5000.00 |
| FORD  | 3000.00 |
+-------+---------+
6 rows in set (0.00 sec)
```

## 9. 取得薪水最高的前五名员工

```mysql
mysql> select ename, sal from emp order by sal desc limit 0, 5;
+-------+---------+
| ename | sal     |
+-------+---------+
| KING  | 5000.00 |
| SCOTT | 3000.00 |
| FORD  | 3000.00 |
| JONES | 2975.00 |
| BLAKE | 2850.00 |
+-------+---------+
5 rows in set (0.00 sec)
```

## 10. 取得薪水最高的第六到第十名员工

```mysql
mysql> select ename, sal from emp order by sal desc limit 5, 5;
+--------+---------+
| ename  | sal     |
+--------+---------+
| CLARK  | 2450.00 |
| ALLEN  | 1600.00 |
| TURNER | 1500.00 |
| MILLER | 1300.00 |
| WARD   | 1250.00 |
+--------+---------+
5 rows in set (0.00 sec)
```

## 11. 取得最后入职的 5 名员工

```mysql
mysql> select ename, hiredate from emp order by hiredate desc limit 0, 5;
+--------+------------+
| ename  | hiredate   |
+--------+------------+
| ADAMS  | 1987-05-23 |
| SCOTT  | 1987-04-19 |
| MILLER | 1982-01-23 |
| JAMES  | 1981-12-03 |
| FORD   | 1981-12-03 |
+--------+------------+
5 rows in set (0.00 sec)
```

## 12. 取得每个薪水等级有多少员工

首先获取薪水等级

```mysql
mysql> select s.grade from emp e join salgrade s on e.sal between s.losal and s.hisal;
+-------+
| grade |
+-------+
|     1 |
|     1 |
|     1 |
|     1 |
|     1 |
|     1 |
|     2 |
|     2 |
|     3 |
|     3 |
|     4 |
|     4 |
|     4 |
|     4 |
+-------+
```

然后使用`count`统计每个等级的人数

```mysql
mysql> select T.grade, count(T.grade) from (select s.grade from emp e join salgrade s on e.sal between s.losal and s.hisal) T group by T.grade order by T.grade;
+-------+----------------+
| grade | count(T.grade) |
+-------+----------------+
|     1 |              3 |
|     2 |              3 |
|     3 |              2 |
|     4 |              5 |
|     5 |              1 |
+-------+----------------+
5 rows in set (0.00 sec)
```

## 13. 面试题

有 3 个表 S(学生表)，C（课程表），SC（学生选课表） 

```mysql
S（SNO，SNAME）代表（学号，姓名）
C（CNO，CNAME，CTEACHER）代表（课号，课名，教师） 
SC（SNO，CNO，SCGRADE）代表（学号，课号，成绩） 
```

问题： 
1，找出没选过“黎明”老师的所有学生姓名。 
2，列出 2 门以上（含 2 门）不及格学生姓名及平均成绩。 
3，即学过 1 号课程又学过 2 号课所有学生的姓名。 
请用标准 SQL 语言写出答案，方言也行（请说明是使用什么方言）。

```mysql
CREATE TABLE SC 
( 
  SNO      VARCHAR(200), 
  CNO      VARCHAR(200), 
  SCGRADE  VARCHAR(200) 
); 
 
CREATE TABLE S 
( 
  SNO    VARCHAR(200 ), 
  SNAME  VARCHAR(200) 
); 
 
CREATE TABLE C 
( 
  CNO       VARCHAR(200), 
  CNAME     VARCHAR(200), 
  CTEACHER  VARCHAR(200) 
); 
 
INSERT INTO C ( CNO, CNAME, CTEACHER ) VALUES ( '1', '语文', '张');  
INSERT INTO C ( CNO, CNAME, CTEACHER ) VALUES ( '2', '政治', '王');  
INSERT INTO C ( CNO, CNAME, CTEACHER ) VALUES ( '3', '英语', '李');  
INSERT INTO C ( CNO, CNAME, CTEACHER ) VALUES ( '4', '数学', '赵');  
INSERT INTO C ( CNO, CNAME, CTEACHER ) VALUES ( '5', '物理', '黎明');  
commit; 
  
INSERT INTO S ( SNO, SNAME ) VALUES ( '1', '学生 1');  
INSERT INTO S ( SNO, SNAME ) VALUES ( '2', '学生 2');  
INSERT INTO S ( SNO, SNAME ) VALUES ( '3', '学生 3');  
INSERT INTO S ( SNO, SNAME ) VALUES ( '4', '学生 4');  
commit; 
  
INSERT INTO SC ( SNO, CNO, SCGRADE ) VALUES ( '1', '1', '40');  
INSERT INTO SC ( SNO, CNO, SCGRADE ) VALUES ( '1', '2', '30');  
INSERT INTO SC ( SNO, CNO, SCGRADE ) VALUES ( '1', '3', '20');  
INSERT INTO SC ( SNO, CNO, SCGRADE ) VALUES ( '1', '4', '80');  
INSERT INTO SC ( SNO, CNO, SCGRADE ) VALUES ( '1', '5', '60');  
INSERT INTO SC ( SNO, CNO, SCGRADE ) VALUES ( '2', '1', '60');  
INSERT INTO SC ( SNO, CNO, SCGRADE ) VALUES ( '2', '2', '60');  
INSERT INTO SC ( SNO, CNO, SCGRADE ) VALUES ( '2', '3', '60');  
INSERT INTO SC ( SNO, CNO, SCGRADE ) VALUES ( '2', '4', '60');  
INSERT INTO SC ( SNO, CNO, SCGRADE ) VALUES ( '2', '5', '40');  
INSERT INTO SC ( SNO, CNO, SCGRADE ) VALUES ( '3', '1', '60');  
INSERT INTO SC ( SNO, CNO, SCGRADE ) VALUES ( '3', '3', '80');  
commit;
```

1. 首先找到黎明老师的编号

   ```mysql
   mysql> select cno from c where cteacher='黎明';
   +------+
   | cno  |
   +------+
   | 5    |
   +------+
   1 row in set (0.00 sec)
   ```

   然后找到选过黎明老师课的学生

   ```mysql
   select sno from sc where cno = (select cno from c where cteacher = '黎明');
   +------+
   | sno  |
   +------+
   | 1    |
   | 2    |
   +------+
   2 rows in set (0.00 sec)
   ```

   然后和总的学生求反，就可以得到没有选过黎明老师的学生了

   ```mysql
   select 
   	s.* 
   from 
   	s 
   where 
   	sno not in (select sno from sc where cno = (select cno from c where cteacher = '黎明'));
   ```

   结果

   ```mysql
   mysql> select
       -> s.*
       -> from
       -> s
       -> where
       -> sno not in (select sno from sc where cno = (select cno from c where cteacher = '黎明'));
   +------+--------+
   | SNO  | SNAME  |
   +------+--------+
   | 3    | 学生 3 |
   | 4    | 学生 4 |
   +------+--------+
   2 rows in set (0.00 sec)
   ```

2. 首先找到不及格的记录

   ```mysql
   mysql> select * from sc where scgrade < 60;
   +------+------+---------+
   | SNO  | CNO  | SCGRADE |
   +------+------+---------+
   | 1    | 1    | 40      |
   | 1    | 2    | 30      |
   | 1    | 3    | 20      |
   | 2    | 5    | 40      |
   +------+------+---------+
   4 rows in set (0.00 sec)
   ```

   然后统计不及格科目超过两门或两门以上的学生

   ```mysql
   mysql> select sno from (select t.sno, count(t.sno) as counts from (select * from sc where scgrade < 60) t group by sno) t where t.counts >= 2;
   +------+
   | sno  |
   +------+
   | 1    |
   +------+
   1 row in set (0.00 sec)
   ```

   然后得到超过以及包括两门科目不及格的学生

   ```mysql
   select
   	s.sname, avg(sc.scgrade)
   from
   	s
   join
   	sc
   on
   	s.sno = sc.sno
   where
   	s.sno = (select sno from (select t.sno, count(t.sno) as counts from (select * from sc where scgrade < 60) t group by sno) t where t.counts >= 2);
   ```

   结果

   ```mysql
   mysql> select
       -> s.sname, avg(sc.scgrade)
       -> from
       -> s
       -> join
       -> sc
       -> on
       -> s.sno = sc.sno
       -> where
       -> s.sno = (select sno from (select t.sno, count(t.sno) as counts from (select * from sc where scgrade < 60) t group by sno) t where t.counts >= 2);
   +--------+-----------------+
   | sname  | avg(sc.scgrade) |
   +--------+-----------------+
   | 学生 1 |              46 |
   +--------+-----------------+
   1 row in set (0.00 sec)
   ```

3. 尝试如下

   ```mysql
   select
   	a.sno, s.sname
   from
   	sc a
   join
   	s
   on
   	a.sno = s.sno
   where
   	a.cno = 1 and a.sno in (select sno from sc where cno = 2);
   ```

   ```mysql
   mysql> select
       -> a.sno, s.sname
       -> from
       -> sc a
       -> join
       -> s
       -> on
       -> a.sno = s.sno
       -> where
       -> a.cno = 1 and a.sno in (select sno from sc where cno = 2);
   +------+--------+
   | sno  | sname  |
   +------+--------+
   | 1    | 学生 1 |
   | 2    | 学生 2 |
   +------+--------+
   2 rows in set (0.00 sec)
   ```

## 14. 列出所有员工及领导的姓名

注意使用`left join`

```mysql
mysql> select a.ename as '员工', b.ename '领导' from emp a left join emp b on a.mgr = b.empno;
+--------+-------+
| 员工   | 领导  |
+--------+-------+
| SMITH  | FORD  |
| ALLEN  | BLAKE |
| WARD   | BLAKE |
| JONES  | KING  |
| MARTIN | BLAKE |
| BLAKE  | KING  |
| CLARK  | KING  |
| SCOTT  | JONES |
| KING   | NULL  |
| TURNER | BLAKE |
| ADAMS  | SCOTT |
| JAMES  | BLAKE |
| FORD   | JONES |
| MILLER | CLARK |
+--------+-------+
14 rows in set (0.00 sec)
```

## 15. 列出受雇日期早于其直接上级的所有员工的编号,姓名,部门名称

```mysql
mysql> select a.empno, a.ename as '员工', d.dname from emp a left join emp b on a.mgr = b.empno join dept d on a.deptno = d.deptno where a.hiredate < b.hiredate;
+-------+-------+------------+
| empno | 员工  | dname      |
+-------+-------+------------+
|  7369 | SMITH | RESEARCH   |
|  7499 | ALLEN | SALES      |
|  7521 | WARD  | SALES      |
|  7566 | JONES | RESEARCH   |
|  7698 | BLAKE | SALES      |
|  7782 | CLARK | ACCOUNTING |
+-------+-------+------------+
6 rows in set (0.00 sec)
```

## 16. 列出部门名称和这些部门的员工信息，同时列出那些没有员工的部门

``` mysql
mysql> select d.dname, e.* from emp e right join dept d on e.deptno = d.deptno;
+------------+-------+--------+-----------+------+------------+---------+---------+--------+
| dname      | EMPNO | ENAME  | JOB       | MGR  | HIREDATE   | SAL     | COMM    | DEPTNO |
+------------+-------+--------+-----------+------+------------+---------+---------+--------+
| ACCOUNTING |  7934 | MILLER | CLERK     | 7782 | 1982-01-23 | 1300.00 |    NULL |     10 |
| ACCOUNTING |  7839 | KING   | PRESIDENT | NULL | 1981-11-17 | 5000.00 |    NULL |     10 |
| ACCOUNTING |  7782 | CLARK  | MANAGER   | 7839 | 1981-06-09 | 2450.00 |    NULL |     10 |
| RESEARCH   |  7902 | FORD   | ANALYST   | 7566 | 1981-12-03 | 3000.00 |    NULL |     20 |
| RESEARCH   |  7876 | ADAMS  | CLERK     | 7788 | 1987-05-23 | 1100.00 |    NULL |     20 |
| RESEARCH   |  7788 | SCOTT  | ANALYST   | 7566 | 1987-04-19 | 3000.00 |    NULL |     20 |
| RESEARCH   |  7566 | JONES  | MANAGER   | 7839 | 1981-04-02 | 2975.00 |    NULL |     20 |
| RESEARCH   |  7369 | SMITH  | CLERK     | 7902 | 1980-12-17 |  800.00 |    NULL |     20 |
| SALES      |  7900 | JAMES  | CLERK     | 7698 | 1981-12-03 |  950.00 |    NULL |     30 |
| SALES      |  7844 | TURNER | SALESMAN  | 7698 | 1981-09-08 | 1500.00 |    0.00 |     30 |
| SALES      |  7698 | BLAKE  | MANAGER   | 7839 | 1981-05-01 | 2850.00 |    NULL |     30 |
| SALES      |  7654 | MARTIN | SALESMAN  | 7698 | 1981-09-28 | 1250.00 | 1400.00 |     30 |
| SALES      |  7521 | WARD   | SALESMAN  | 7698 | 1981-02-22 | 1250.00 |  500.00 |     30 |
| SALES      |  7499 | ALLEN  | SALESMAN  | 7698 | 1981-02-20 | 1600.00 |  300.00 |     30 |
| OPERATIONS |  NULL | NULL   | NULL      | NULL | NULL       |    NULL |    NULL |   NULL |
+------------+-------+--------+-----------+------+------------+---------+---------+--------+
15 rows in set (0.00 sec)
```

## 17. 列出至少有5个员工的所有部门

首先查看每个部门的员工数

```mysql
mysql> select deptno, count(deptno) as counts from emp group by deptno;
+--------+---------------+
| deptno | count(deptno) |
+--------+---------------+
|     20 |             5 |
|     30 |             6 |
|     10 |             3 |
+--------+---------------+
3 rows in set (0.00 sec)
```

然后连接表`dept`查询得到部门名称

```mysql
mysql> select d.dname, T.counts from dept d join (select deptno, count(deptno) as counts from emp group by deptno) T on T.deptno = d.deptno where T.counts >= 5;
+----------+--------+
| dname    | counts |
+----------+--------+
| RESEARCH |      5 |
| SALES    |      6 |
+----------+--------+
2 rows in set (0.00 sec)
```

## 18. 列出薪金比"SMITH"多的所有员工信息

```mysql
mysql> select * from emp where sal > (select sal from emp where ename = 'smith');
+-------+--------+-----------+------+------------+---------+---------+--------+
| EMPNO | ENAME  | JOB       | MGR  | HIREDATE   | SAL     | COMM    | DEPTNO |
+-------+--------+-----------+------+------------+---------+---------+--------+
|  7499 | ALLEN  | SALESMAN  | 7698 | 1981-02-20 | 1600.00 |  300.00 |     30 |
|  7521 | WARD   | SALESMAN  | 7698 | 1981-02-22 | 1250.00 |  500.00 |     30 |
|  7566 | JONES  | MANAGER   | 7839 | 1981-04-02 | 2975.00 |    NULL |     20 |
|  7654 | MARTIN | SALESMAN  | 7698 | 1981-09-28 | 1250.00 | 1400.00 |     30 |
|  7698 | BLAKE  | MANAGER   | 7839 | 1981-05-01 | 2850.00 |    NULL |     30 |
|  7782 | CLARK  | MANAGER   | 7839 | 1981-06-09 | 2450.00 |    NULL |     10 |
|  7788 | SCOTT  | ANALYST   | 7566 | 1987-04-19 | 3000.00 |    NULL |     20 |
|  7839 | KING   | PRESIDENT | NULL | 1981-11-17 | 5000.00 |    NULL |     10 |
|  7844 | TURNER | SALESMAN  | 7698 | 1981-09-08 | 1500.00 |    0.00 |     30 |
|  7876 | ADAMS  | CLERK     | 7788 | 1987-05-23 | 1100.00 |    NULL |     20 |
|  7900 | JAMES  | CLERK     | 7698 | 1981-12-03 |  950.00 |    NULL |     30 |
|  7902 | FORD   | ANALYST   | 7566 | 1981-12-03 | 3000.00 |    NULL |     20 |
|  7934 | MILLER | CLERK     | 7782 | 1982-01-23 | 1300.00 |    NULL |     10 |
+-------+--------+-----------+------+------------+---------+---------+--------+
13 rows in set (0.00 sec)
```

## 19. 列出所有`CLERK`(办事员)的姓名及其部门名称,部门的人数

获取职位为`clerk`员工的姓名和部门编号

```mysql
mysql> select e.ename, e.deptno from emp e where e.job = 'clerk';
+--------+--------+
| ename  | deptno |
+--------+--------+
| SMITH  |     20 |
| ADAMS  |     20 |
| JAMES  |     30 |
| MILLER |     10 |
+--------+--------+
4 rows in set (0.00 sec)
```

获取部门名和部门人数

```mysql
mysql> select d.deptno, d.dname, T.nums from dept d join (select deptno, count(deptno) as nums from emp group by deptno) T on d.deptno = T.deptno;
+--------+------------+------+
| deptno | dname      | nums |
+--------+------------+------+
|     10 | ACCOUNTING |    3 |
|     20 | RESEARCH   |    5 |
|     30 | SALES      |    6 |
+--------+------------+------+
3 rows in set (0.00 sec)
```

结合两表得到结果

```mysql
mysql> select T1.ename, T2.dname, T2.nums from (select e.ename, e.deptno from emp e where e.job = 'clerk') T1 left join (select d.deptno, d.dname, T.nums from dept d join (select deptno, count(deptno) as nums from emp group by deptno) T on d.deptno = T.deptno) T2 on T1.deptno = T2.deptno;
+--------+------------+------+
| ename  | dname      | nums |
+--------+------------+------+
| SMITH  | RESEARCH   |    5 |
| ADAMS  | RESEARCH   |    5 |
| JAMES  | SALES      |    6 |
| MILLER | ACCOUNTING |    3 |
+--------+------------+------+
4 rows in set (0.00 sec)
```

## 20.列出最低薪金大于 1500 的各种工作及从事此工作的全部雇员人数

```mysql
mysql> select job, count(*) from emp group by job having min(sal) > 1500;
+-----------+----------+
| job       | count(*) |
+-----------+----------+
| MANAGER   |        3 |
| ANALYST   |        2 |
| PRESIDENT |        1 |
+-----------+----------+
3 rows in set (0.00 sec)
```

## 21. 列出在部门`SALES`<销售部>工作的员工的姓名,假定不知道销售部的部
门编号

```mysql
mysql> select e.ename from emp e join (select deptno from dept where dname = 'sales') T on e.deptno = T.deptno;
+--------+
| ename  |
+--------+
| ALLEN  |
| WARD   |
| MARTIN |
| BLAKE  |
| TURNER |
| JAMES  |
+--------+
6 rows in set (0.00 sec)
```

第二种方法

```mysql
mysql> select ename from emp where deptno = (select deptno from dept where dname = 'sales');
+--------+
| ename  |
+--------+
| ALLEN  |
| WARD   |
| MARTIN |
| BLAKE  |
| TURNER |
| JAMES  |
+--------+
6 rows in set (0.00 sec)
```

## 22. 列出薪金高于公司平均薪金的所有员工,所在部门,上级领导,雇员的工资等
级

主要是考虑多表连接，这道题还是不够熟悉多表连接的语法，需要再好好熟悉掌握

```mysql
select
	e.ename '员工', d.dname '部门名称', l.ename '上级领导', s.grade '工资等级'
from
	emp e
join
	dept d
on
	e.deptno = d.deptno
left join
	emp l
on
	e.mgr = l.empno
join
	salgrade s
on
	e.sal between s.losal and s.hisal
where
	e.sal > (select avg(sal) from emp);
```

结果

```mysql
mysql> select
    -> e.ename '员工', d.dname '部门名称', l.ename '上级领导', s.grade '工资等级'
    -> from
    -> emp e
    -> join
    -> dept d
    -> on
    -> e.deptno = d.deptno
    -> left join
    -> emp l
    -> on
    -> e.mgr = l.empno
    -> join
    -> salgrade s
    -> on
    -> e.sal between s.losal and s.hisal
    -> where
    -> e.sal > (select avg(sal) from emp);
+-------+------------+----------+----------+
| 员工  | 部门名称   | 上级领导 | 工资等级 |
+-------+------------+----------+----------+
| FORD  | RESEARCH   | JONES    |        4 |
| SCOTT | RESEARCH   | JONES    |        4 |
| CLARK | ACCOUNTING | KING     |        4 |
| BLAKE | SALES      | KING     |        4 |
| JONES | RESEARCH   | KING     |        4 |
| KING  | ACCOUNTING | NULL     |        5 |
+-------+------------+----------+----------+
6 rows in set (0.00 sec)
```

## 23. 列出与`SCOTT`从事相同工作的所有员工及部门名称

```mysql
select 
	e.ename, e.job, d.dname
from
	emp e
join
	dept d
on
	e.deptno = d.deptno
where
	e.job = (select job from emp where ename = 'scott')
and 
	e.ename <> 'scott';
```

结果

```mysql
mysql> select
    -> e.ename, e.job, d.dname
    -> from
    -> emp e
    -> join
    -> dept d
    -> on
    -> e.deptno = d.deptno
    -> where
    -> e.job = (select job from emp where ename = 'scott')
    -> and
    -> e.ename <> 'scott';
+-------+---------+----------+
| ename | job     | dname    |
+-------+---------+----------+
| FORD  | ANALYST | RESEARCH |
+-------+---------+----------+
1 row in set (0.00 sec)
```

## 24. 列出薪金等于部门 30 中员工的薪金的其他员工的姓名和薪金

```mysql
select
	ename, sal
from
	emp
where
	sal in (select distinct sal from emp where deptno = 30)
and
	deptno <> 30;
```

结果

```mysql
mysql> select
    -> ename, sal
    -> from
    -> emp
    -> where
    -> sal in (select distinct sal from emp where deptno = 30)
    -> and
    -> deptno <> 30;
Empty set (0.00 sec)
```

## 25. 列出薪金高于在部门 30 工作的所有员工的薪金的员工姓名和薪金.部门名
称

```mysql
select
	e.ename, e.sal, d.dname
from
	emp e
left join
	dept d
on
	e.deptno = d.deptno
where
	e.sal > (select max(sal) from emp where deptno = 30);
```

结果

```mysql
mysql> select
    -> e.ename, e.sal, d.dname
    -> from
    -> emp e
    -> left join
    -> dept d
    -> on
    -> e.deptno = d.deptno
    -> where
    -> e.sal > (select max(sal) from emp where deptno = 30);
+-------+---------+------------+
| ename | sal     | dname      |
+-------+---------+------------+
| JONES | 2975.00 | RESEARCH   |
| SCOTT | 3000.00 | RESEARCH   |
| KING  | 5000.00 | ACCOUNTING |
| FORD  | 3000.00 | RESEARCH   |
+-------+---------+------------+
4 rows in set (0.00 sec)
```

## 26. 列出在每个部门工作的员工数量,平均工资和平均服务期限

这里有一个计算日期跨度的函数:

```mysql
timestampdiff(interval, datetime_expr1, datetime_expr2)
```

其中：

* `interval`表示间隔：
  * `second`表示计算日期差的单位为秒
  * `minute`日期差单位为分
  * `day` 日期单位差为小时
  * `month` 日期单位差为月
  * `year` 日期单位差为年

```mysql
select 
	d.dname '部门名', count(e.ename) '员工数量', 
	avg(e.sal) '平均工资', avg(timestampdiff(YEAR, hiredate, now())) '平均年限' 
from 
	emp e 
join 
	dept d 
on 
	e.deptno = d.deptno 
group by 
	e.deptno 
order by 
	count(e.ename);
```

结果

```mysql
mysql> select
    -> d.dname '部门名', count(e.ename) '员工数量',
    -> avg(e.sal) '平均工资', avg(timestampdiff(YEAR, hiredate, now())) '平均年限'
    -> from
    -> emp e
    -> join
    -> dept d
    -> on
    -> e.deptno = d.deptno
    -> group by
    -> e.deptno
    -> order by
    -> count(e.ename);
+------------+----------+-------------+----------+
| 部门名     | 员工数量 | 平均工资    | 平均年限 |
+------------+----------+-------------+----------+
| ACCOUNTING |        3 | 2916.666667 |  40.0000 |
| RESEARCH   |        5 | 2175.000000 |  37.8000 |
| SALES      |        6 | 1566.666667 |  40.3333 |
+------------+----------+-------------+----------+
3 rows in set (0.00 sec)
```

## 27. 列出所有员工的姓名、部门名称和工资

```mysql
select
	e.ename, d.dname, e.sal
from
	emp e
join
	dept d
on
	e.deptno = d.deptno
order by
	dname;
```

结果

```mysql
mysql> select
    -> e.ename, d.dname, e.sal
    -> from
    -> emp e
    -> join
    -> dept d
    -> on
    -> e.deptno = d.deptno
    -> order by
    -> dname;
+--------+------------+---------+
| ename  | dname      | sal     |
+--------+------------+---------+
| CLARK  | ACCOUNTING | 2450.00 |
| KING   | ACCOUNTING | 5000.00 |
| MILLER | ACCOUNTING | 1300.00 |
| SMITH  | RESEARCH   |  800.00 |
| JONES  | RESEARCH   | 2975.00 |
| SCOTT  | RESEARCH   | 3000.00 |
| ADAMS  | RESEARCH   | 1100.00 |
| FORD   | RESEARCH   | 3000.00 |
| ALLEN  | SALES      | 1600.00 |
| WARD   | SALES      | 1250.00 |
| MARTIN | SALES      | 1250.00 |
| BLAKE  | SALES      | 2850.00 |
| TURNER | SALES      | 1500.00 |
| JAMES  | SALES      |  950.00 |
+--------+------------+---------+
14 rows in set (0.00 sec)
```

## 28. 列出所有部门的详细信息和人数

```mysql
select
	d.*, count(e.ename)
from
	dept d
left join
	emp e
on
	d.deptno = e.deptno
group by
	e.deptno;
```

结果

```mysql
mysql> select
    -> d.*, count(e.ename)
    -> from
    -> dept d
    -> left join
    -> emp e
    -> on
    -> d.deptno = e.deptno
    -> group by
    -> e.deptno;
+--------+------------+----------+----------------+
| DEPTNO | DNAME      | LOC      | count(e.ename) |
+--------+------------+----------+----------------+
|     10 | ACCOUNTING | NEW YORK |              3 |
|     20 | RESEARCH   | DALLAS   |              5 |
|     30 | SALES      | CHICAGO  |              6 |
|     40 | OPERATIONS | BOSTON   |              0 |
+--------+------------+----------+----------------+
4 rows in set (0.00 sec)
```

## 29. 列出各种工作的最低工资及从事此工作的雇员姓名

列出各种工作和对应最低工资

```mysql
mysql> select job, min(sal) from emp group by job;
+-----------+----------+
| job       | min(sal) |
+-----------+----------+
| CLERK     |   800.00 |
| SALESMAN  |  1250.00 |
| MANAGER   |  2450.00 |
| ANALYST   |  3000.00 |
| PRESIDENT |  5000.00 |
+-----------+----------+
5 rows in set (0.00 sec)
```

然后连接`e`表

```mysql
select
	e.ename, t.*
from
	emp e
join
	(select
    	job, min(sal) as minsal
    from
    	emp
    group by
    	job) t
on
	e.job = t.job and e.sal = t.minsal;
```

结果

```mysql
mysql> select
    -> e.ename, t.*
    -> from
    -> emp e
    -> join
    -> (select
    ->     job, min(sal) as minsal
    ->     from
    ->     emp
    ->     group by
    ->     job) t
    -> on
    -> e.job = t.job and e.sal = t.minsal;
+--------+-----------+---------+
| ename  | job       | minsal  |
+--------+-----------+---------+
| SMITH  | CLERK     |  800.00 |
| WARD   | SALESMAN  | 1250.00 |
| MARTIN | SALESMAN  | 1250.00 |
| CLARK  | MANAGER   | 2450.00 |
| SCOTT  | ANALYST   | 3000.00 |
| KING   | PRESIDENT | 5000.00 |
| FORD   | ANALYST   | 3000.00 |
+--------+-----------+---------+
7 rows in set (0.00 sec)
```

## 30. 列出各个部门的`manager`的最低薪金

```mysql
select
	deptno, min(sal)
from
	emp
where
	job = 'manager'
group by
	deptno;
```

结果

```mysql
mysql> select
    -> deptno, min(sal)
    -> from
    -> emp
    -> where
    -> job = 'manager'
    -> group by
    -> deptno;
+--------+----------+
| deptno | min(sal) |
+--------+----------+
|     20 |  2975.00 |
|     30 |  2850.00 |
|     10 |  2450.00 |
+--------+----------+
3 rows in set (0.00 sec)
```

## 31. 列出所有员工的年工资,按年薪从低到高排序

将薪水和奖金加起来乘以12个月得到员工的年收入，然后根据年收入排序

```mysql
select
	ename, (ifnull(sal, 0) + ifnull(comm, 0)) * 12 as income
from
	emp
order by
	income;
```

结果

```mysql
mysql> select
    -> ename, (ifnull(sal, 0) + ifnull(comm, 0)) * 12 as income
    -> from
    -> emp
    -> order by
    -> income;
+--------+----------+
| ename  | income   |
+--------+----------+
| SMITH  |  9600.00 |
| JAMES  | 11400.00 |
| ADAMS  | 13200.00 |
| MILLER | 15600.00 |
| TURNER | 18000.00 |
| WARD   | 21000.00 |
| ALLEN  | 22800.00 |
| CLARK  | 29400.00 |
| MARTIN | 31800.00 |
| BLAKE  | 34200.00 |
| JONES  | 35700.00 |
| SCOTT  | 36000.00 |
| FORD   | 36000.00 |
| KING   | 60000.00 |
+--------+----------+
14 rows in set (0.00 sec)
```

## 32. 求出员工领导的薪水超过 3000 的员工名称与领导名称

```mysql
select
	a.ename, b.ename
from
	emp a
join
	emp b
on
	a.mgr = b.empno
where
	b.sal > 3000;
```

结果

```mysql
mysql> select
    -> a.ename, b.ename
    -> from
    -> emp a
    -> join
    -> emp b
    -> on
    -> a.mgr = b.empno
    -> where
    -> b.sal > 3000;
+-------+-------+
| ename | ename |
+-------+-------+
| JONES | KING  |
| BLAKE | KING  |
| CLARK | KING  |
+-------+-------+
3 rows in set (0.00 sec)
```

## 33. 求出部门名称中,带'S'字符的部门员工的工资合计、部门人数

```mysql
select 
	d.deptno, d.dname, d.loc, count(e.ename), sum(e.sal) as sumsal
from
	emp e
right join
	dept d
on
	e.deptno = d.deptno
where
	d.dname like '%s%'
group by
	d.deptno, d.dname, d.loc;
```

结果

```mysql
mysql> select
    -> d.deptno, d.dname, d.loc, count(e.ename), sum(e.sal) as sumsal
    -> from
    -> emp e
    -> right join
    -> dept d
    -> on
    -> e.deptno = d.deptno
    -> where
    -> d.dname like '%s%'
    -> group by
    -> d.deptno, d.dname, d.loc;
+--------+------------+---------+----------------+----------+
| deptno | dname      | loc     | count(e.ename) | sumsal   |
+--------+------------+---------+----------------+----------+
|     20 | RESEARCH   | DALLAS  |              5 | 10875.00 |
|     30 | SALES      | CHICAGO |              6 |  9400.00 |
|     40 | OPERATIONS | BOSTON  |              0 |     NULL |
+--------+------------+---------+----------------+----------+
3 rows in set (0.00 sec)
```

## 34. 给任职日期超过 30 年的员工加薪 10%

```mysql
update 
	emp 
set 
	sal = sal * 1.1 
where
	timestampdiff(year, hiredate, now()) > 30;
```

结果

```mysql
mysql> update
    -> emp
    -> set
    -> sal = sal * 1.1
    -> where
    -> timestampdiff(year, hiredate, now()) > 30;
Query OK, 14 rows affected (0.00 sec)
Rows matched: 14  Changed: 14  Warnings: 0

mysql> select * from emp;
+-------+--------+-----------+------+------------+---------+---------+--------+
| EMPNO | ENAME  | JOB       | MGR  | HIREDATE   | SAL     | COMM    | DEPTNO |
+-------+--------+-----------+------+------------+---------+---------+--------+
|  7369 | SMITH  | CLERK     | 7902 | 1980-12-17 |  880.00 |    NULL |     20 |
|  7499 | ALLEN  | SALESMAN  | 7698 | 1981-02-20 | 1760.00 |  300.00 |     30 |
|  7521 | WARD   | SALESMAN  | 7698 | 1981-02-22 | 1375.00 |  500.00 |     30 |
|  7566 | JONES  | MANAGER   | 7839 | 1981-04-02 | 3272.50 |    NULL |     20 |
|  7654 | MARTIN | SALESMAN  | 7698 | 1981-09-28 | 1375.00 | 1400.00 |     30 |
|  7698 | BLAKE  | MANAGER   | 7839 | 1981-05-01 | 3135.00 |    NULL |     30 |
|  7782 | CLARK  | MANAGER   | 7839 | 1981-06-09 | 2695.00 |    NULL |     10 |
|  7788 | SCOTT  | ANALYST   | 7566 | 1987-04-19 | 3300.00 |    NULL |     20 |
|  7839 | KING   | PRESIDENT | NULL | 1981-11-17 | 5500.00 |    NULL |     10 |
|  7844 | TURNER | SALESMAN  | 7698 | 1981-09-08 | 1650.00 |    0.00 |     30 |
|  7876 | ADAMS  | CLERK     | 7788 | 1987-05-23 | 1210.00 |    NULL |     20 |
|  7900 | JAMES  | CLERK     | 7698 | 1981-12-03 | 1045.00 |    NULL |     30 |
|  7902 | FORD   | ANALYST   | 7566 | 1981-12-03 | 3300.00 |    NULL |     20 |
|  7934 | MILLER | CLERK     | 7782 | 1982-01-23 | 1430.00 |    NULL |     10 |
+-------+--------+-----------+------+------------+---------+---------+--------+
14 rows in set (0.00 sec)
```

> 这基本上都超过30年工作年龄了，全都加薪了，oh， poor smith!最早入职，工资还是最低。
