# 分组查询

在实际应用中，可能会有这样的需求，需要先进行分组，然后对每一组的数据进行操作。这个时候我们需要分组查询

```mysql
select
	...
from
	...
group by
	...
```

## `sql`语句执行顺序

组合之前的关键字，查看一下执行顺序

```mysql
select
	...
from
	...
where
	...
group by
	...
order by
	...
```

执行的顺序是：

1. `from`
2. `where`
3. `group by`
4. `select`
5. `order by`

为什么分组函数不能直接使用在`where`后面

```mysql
// 报错
select ename, sal from emp where sal > min(sal);
```

> 因为分组函数在使用的时候必须先分组之后才能使用，`where`执行的时候，还没有分组。所以`where`后面不能出现分组函数

找出每个工作岗位的工资和

​	实现思路是：按照工作岗位分组，然后对工资求和

```mysql
mysql> select job, sum(sal) from emp group by job;
+-----------+----------+
| job       | sum(sal) |
+-----------+----------+
| CLERK     |  4150.00 |
| SALESMAN  |  5600.00 |
| MANAGER   |  8275.00 |
| ANALYST   |  6000.00 |
| PRESIDENT |  5000.00 |
+-----------+----------+
5 rows in set (0.00 sec)
```

> 以上语句的执行顺序：
>
> * 先从`emp`表中查询数据
> * 根据`job`字段进行分组
> * 然后对每一组的数据进行`sum(sal)`

找出每个部门的最高薪资

按照部门编号分组，并求出每一组的最大值

```mysql
select deptno, max(sal) from emp group by deptno;
```

结果如下

```mysql
mysql> select deptno, max(sal) from emp group by deptno;
+--------+----------+
| deptno | max(sal) |
+--------+----------+
|     20 |  3000.00 |
|     30 |  2850.00 |
|     10 |  5000.00 |
+--------+----------+
3 rows in set (0.00 sec)
```

找出每个部门，不同工作岗位的最高薪资

首先查看一下数据库

```mysql
mysql> select ename, job, sal, deptno from emp;
+--------+-----------+---------+--------+
| ename  | job       | sal     | deptno |
+--------+-----------+---------+--------+
| SMITH  | CLERK     |  800.00 |     20 |
| ALLEN  | SALESMAN  | 1600.00 |     30 |
| WARD   | SALESMAN  | 1250.00 |     30 |
| JONES  | MANAGER   | 2975.00 |     20 |
| MARTIN | SALESMAN  | 1250.00 |     30 |
| BLAKE  | MANAGER   | 2850.00 |     30 |
| CLARK  | MANAGER   | 2450.00 |     10 |
| SCOTT  | ANALYST   | 3000.00 |     20 |
| KING   | PRESIDENT | 5000.00 |     10 |
| TURNER | SALESMAN  | 1500.00 |     30 |
| ADAMS  | CLERK     | 1100.00 |     20 |
| JAMES  | CLERK     |  950.00 |     30 |
| FORD   | ANALYST   | 3000.00 |     20 |
| MILLER | CLERK     | 1300.00 |     10 |
+--------+-----------+---------+--------+
14 rows in set (0.00 sec)
```

技巧：将两个字段联合成一个字段看

```mysql
mysql> select deptno, job, max(sal) from emp group by deptno, job;
+--------+-----------+----------+
| deptno | job       | max(sal) |
+--------+-----------+----------+
|     20 | CLERK     |  1100.00 |
|     30 | SALESMAN  |  1600.00 |
|     20 | MANAGER   |  2975.00 |
|     30 | MANAGER   |  2850.00 |
|     10 | MANAGER   |  2450.00 |
|     20 | ANALYST   |  3000.00 |
|     10 | PRESIDENT |  5000.00 |
|     30 | CLERK     |   950.00 |
|     10 | CLERK     |  1300.00 |
+--------+-----------+----------+
9 rows in set (0.00 sec)
```

> 有了`group by`之后，`select`之后只能跟分组的项目

找出每个部门的最高薪资，要求显示最高薪资大于3000的

## `where`和`having`

可以使用`having`进行进一步过滤，`having`不能单独使用，只能在`group by`之后使用

```mysql
select 
	deptno, max(sal) 
from 
	emp 
group by 
	deptno
having
	max(sal) > 3000;
```

```mysql
mysql> select
    -> deptno, max(sal)
    -> from
    -> emp
    -> group by
    -> deptno
    -> having
    -> max(sal) > 3000;
+--------+----------+
| deptno | max(sal) |
+--------+----------+
|     10 |  5000.00 |
+--------+----------+
1 row in set (0.00 sec)
```

> 以上的`sql`语句的效率比较低，实际上可以考虑：先将大于3000的找出来，再分组查询

```mysql
mysql> select deptno, max(sal) from emp where sal > 3000 group by deptno;
+--------+----------+
| deptno | max(sal) |
+--------+----------+
|     10 |  5000.00 |
+--------+----------+
1 row in set (0.00 sec)
```

> 优化策略：`where`和`having`，优先选择`where`，实在没有办法的，再选择`having`

找出每个部门平均薪资，要求显示平均薪资高于2500的

```mysql
mysql> select deptno, avg(sal) from emp group by deptno having avg(sal) > 2500;
+--------+-------------+
| deptno | avg(sal)    |
+--------+-------------+
|     10 | 2916.666667 |
+--------+-------------+
1 row in set (0.00 sec)
```

## 总结

```mysql
select
	...
from
	...
where
	...
group by
	...
having
	...
order by
	...
```

执行顺序：

* `from`
* `where`
* `group by`
* `having`
* `select`
* `order by`

先从某张表中查询数据

先经过`where`条件筛选出有价值的数据

对这些有价值的数据进行分组

分组之后可以使用`having`继续筛选

`select`查询出来

最后排序输出

例子：找出每个岗位的平均薪资，要求显示平均薪资大于1500的，出`manager`岗位之外，要求按照平均薪资降序排

```mysql
mysql> select job, avg(sal) as avgsal from emp where job <> 'manager' group by job having avg(sal) > 1500 order by avgsal desc;
+-----------+-------------+
| job       | avgsal      |
+-----------+-------------+
| PRESIDENT | 5000.000000 |
| ANALYST   | 3000.000000 |
+-----------+-------------+
2 rows in set (0.00 sec)
```

