# 多条插入

## 插入多条记录

```mysql
insert into t_user(id,name,birth,create_time) values
		(1,'zs','1980-10-11',now()), 
		(2,'lisi','1981-10-11',now()),
		(3,'wangwu','1982-10-11',now());
```

结果

```mysql
mysql> insert into t_user(id,name,birth,create_time) values
    -> (1,'zs','1980-10-11',now()),
    -> (2,'lisi','1981-10-11',now()),
    -> (3,'wangwu','1982-10-11',now());
Query OK, 3 rows affected (0.00 sec)
Records: 3  Duplicates: 0  Warnings: 0

mysql> select * from t_user;
+------+--------+------------+---------------------+
| id   | name   | birth      | create_time         |
+------+--------+------------+---------------------+
|    1 | abc    | 1990-10-01 | 2020-03-18 15:49:50 |
|    2 | abc    | 2000-10-11 | 2022-02-27 15:24:24 |
|    1 | zs     | 1980-10-11 | 2022-02-27 17:23:59 |
|    2 | lisi   | 1981-10-11 | 2022-02-27 17:23:59 |
|    3 | wangwu | 1982-10-11 | 2022-02-27 17:23:59 |
+------+--------+------------+---------------------+
5 rows in set (0.00 sec)
```

## 快速创建表

```mysql
mysql> create table emp2 as select * from emp;
Query OK, 14 rows affected, 2 warnings (0.02 sec)
Records: 14  Duplicates: 0  Warnings: 2

mysql> select * from emp2;
+-------+--------+-----------+------+------------+---------+---------+--------+
| EMPNO | ENAME  | JOB       | MGR  | HIREDATE   | SAL     | COMM    | DEPTNO |
+-------+--------+-----------+------+------------+---------+---------+--------+
|  7369 | SMITH  | CLERK     | 7902 | 1980-12-17 |  800.00 |    NULL |     20 |
|  7499 | ALLEN  | SALESMAN  | 7698 | 1981-02-20 | 1600.00 |  300.00 |     30 |
|  7521 | WARD   | SALESMAN  | 7698 | 1981-02-22 | 1250.00 |  500.00 |     30 |
|  7566 | JONES  | MANAGER   | 7839 | 1981-04-02 | 2975.00 |    NULL |     20 |
|  7654 | MARTIN | SALESMAN  | 7698 | 1981-09-28 | 1250.00 | 1400.00 |     30 |
|  7698 | BLAKE  | MANAGER   | 7839 | 1981-05-01 | 2850.00 |    NULL |     30 |
|  7782 | CLARK  | MANAGER   | 7839 | 1981-06-09 | 2450.00 |    NULL |     10 |
|  7788 | SCOTT  | ANALYST   | 7566 | 1987-04-19 | 3000.00 |    NULL |     20 |
|  7839 | KING   | PRESIDENT | NULL | 1981-11-17 | 5000.00 |    NULL |     10 |
|  7844 | TURNER | SALESMAN  | 7698 | 1981-09-08 | 1500.00 |    0.00 |     30 |
|  7876 | ADAMS  | CLERK     | 7788 | 1987-05-23 | 1100.00 |    NULL |     20 |
|  7900 | JAMES  | CLERK     | 7698 | 1981-12-03 |  950.00 |    NULL |     30 |
|  7902 | FORD   | ANALYST   | 7566 | 1981-12-03 | 3000.00 |    NULL |     20 |
|  7934 | MILLER | CLERK     | 7782 | 1982-01-23 | 1300.00 |    NULL |     10 |
+-------+--------+-----------+------+------------+---------+---------+--------+
14 rows in set (0.00 sec)
```

>* 将一个查询结果当做一张表新建
>* 这个可以完成表的快速复制
>* 表创建出来，同时表中的数据也存在了

```mysql
mysql> create table mytable as select empno, ename from emp where job = 'manager';
Query OK, 3 rows affected (0.01 sec)
Records: 3  Duplicates: 0  Warnings: 0

mysql> select * from mytable;
+-------+-------+
| empno | ename |
+-------+-------+
|  7566 | JONES |
|  7698 | BLAKE |
|  7782 | CLARK |
+-------+-------+
3 rows in set (0.00 sec)
```

## 将查询结果插入到一张表当中

例如下面的操作记录

```mysql
mysql> create table dept_bak as select * from dept;
Query OK, 4 rows affected (0.02 sec)
Records: 4  Duplicates: 0  Warnings: 0

mysql> select * from dept_bak;
+--------+------------+----------+
| DEPTNO | DNAME      | LOC      |
+--------+------------+----------+
|     10 | ACCOUNTING | NEW YORK |
|     20 | RESEARCH   | DALLAS   |
|     30 | SALES      | CHICAGO  |
|     40 | OPERATIONS | BOSTON   |
+--------+------------+----------+
4 rows in set (0.00 sec)

mysql> insert into dept_bak select * from dept;
Query OK, 4 rows affected (0.00 sec)
Records: 4  Duplicates: 0  Warnings: 0

mysql> select * from dept_bak;
+--------+------------+----------+
| DEPTNO | DNAME      | LOC      |
+--------+------------+----------+
|     10 | ACCOUNTING | NEW YORK |
|     20 | RESEARCH   | DALLAS   |
|     30 | SALES      | CHICAGO  |
|     40 | OPERATIONS | BOSTON   |
|     10 | ACCOUNTING | NEW YORK |
|     20 | RESEARCH   | DALLAS   |
|     30 | SALES      | CHICAGO  |
|     40 | OPERATIONS | BOSTON   |
+--------+------------+----------+
8 rows in set (0.00 sec)

mysql> insert into dept_bak select * from dept;
Query OK, 4 rows affected (0.00 sec)
Records: 4  Duplicates: 0  Warnings: 0

mysql> select * from dept_bak;
+--------+------------+----------+
| DEPTNO | DNAME      | LOC      |
+--------+------------+----------+
|     10 | ACCOUNTING | NEW YORK |
|     20 | RESEARCH   | DALLAS   |
|     30 | SALES      | CHICAGO  |
|     40 | OPERATIONS | BOSTON   |
|     10 | ACCOUNTING | NEW YORK |
|     20 | RESEARCH   | DALLAS   |
|     30 | SALES      | CHICAGO  |
|     40 | OPERATIONS | BOSTON   |
|     10 | ACCOUNTING | NEW YORK |
|     20 | RESEARCH   | DALLAS   |
|     30 | SALES      | CHICAGO  |
|     40 | OPERATIONS | BOSTON   |
+--------+------------+----------+
12 rows in set (0.00 sec)
```

## 快速删除表中的数据

```mysql
delete from dept_bak;
```

```mysql
mysql> delete from dept_bak;
Query OK, 12 rows affected (0.01 sec)
```

> `delete`删除数据（`DML`语句）的原理是：表中的数据被删除了，但是这个数据在硬盘上的真实存储空间不会被释放
>
> * 这种删除缺点是：删除效率比较低
> * 这种删除优点是：支持回滚，后悔了可以再恢复数据

`trancate`语句(`DDL`语句）删除：这种删除的效率比较高，表被一次截断，物理删除

* 优点：快速
* 缺点：不支持回滚

```mysql
truncate table dept_bak;
```

> 大表非常大，如果有上亿条记录
>
> * 删除的时候，使用`delete`，也许需要执行1个小时才能删除完！效率较低。
> * 可以选择使用`truncate`删除表中的数据。只需要不到1秒钟的时间就删除结束。效率较高。
> * 但是使用`truncate`之前，必须仔细询问客户是否真的要删除，并警告删除之后不可恢复！
>
> 上述操作是删除表中的数据，表还在
>
> `drop table dept_bak;`删除表

