# 数据处理函数

数据处理函数又叫单行处理函数，其特点是：一个输入对应一个输出。

和单行处理函数相对的是多行处理函数，多行处理函数是，多个输入，一个输出

单行处理函数常见的有：

* `lower`转小写

  ```shell
  mysql> select lower(ename) from emp;
  +--------------+
  | lower(ename) |
  +--------------+
  | smith        |
  | allen        |
  | ward         |
  | jones        |
  | martin       |
  | blake        |
  | clark        |
  | scott        |
  | king         |
  | turner       |
  | adams        |
  | james        |
  | ford         |
  | miller       |
  +--------------+
  14 rows in set (0.00 sec)
  ```

* `upper`转大写

  ```shell
  mysql> select upper(ename) from emp;
  +--------------+
  | upper(ename) |
  +--------------+
  | SMITH        |
  | ALLEN        |
  | WARD         |
  | JONES        |
  | MARTIN       |
  | BLAKE        |
  | CLARK        |
  | SCOTT        |
  | KING         |
  | TURNER       |
  | ADAMS        |
  | JAMES        |
  | FORD         |
  | MILLER       |
  +--------------+
  14 rows in set (0.00 sec)
  ```

* `substr(str, startIndex, subLength)`取子串，`str`为截取的子串，`startIndex`其实下标，`subLength`截取长度，起始长度从`1`开始，没有`0`

  ```shell
  mysql> select substr(ename, 1, 2) from emp;
  +---------------------+
  | substr(ename, 1, 2) |
  +---------------------+
  | SM                  |
  | AL                  |
  | WA                  |
  | JO                  |
  | MA                  |
  | BL                  |
  | CL                  |
  | SC                  |
  | KI                  |
  | TU                  |
  | AD                  |
  | JA                  |
  | FO                  |
  | MI                  |
  +---------------------+
  14 rows in set (0.00 sec)
  ```

* `concat`函数进行字符串拼接

  ```shell
  mysql> select concat(empno, ename) from emp;
  +----------------------+
  | concat(empno, ename) |
  +----------------------+
  | 7369SMITH            |
  | 7499ALLEN            |
  | 7521WARD             |
  | 7566JONES            |
  | 7654MARTIN           |
  | 7698BLAKE            |
  | 7782CLARK            |
  | 7788SCOTT            |
  | 7839KING             |
  | 7844TURNER           |
  | 7876ADAMS            |
  | 7900JAMES            |
  | 7902FORD             |
  | 7934MILLER           |
  +----------------------+
  14 rows in set (0.00 sec)
  ```

* `length` 取长度

  ```shell
  mysql> select ename, length(ename) enamelength from emp;
  +--------+-------------+
  | ename  | enamelength |
  +--------+-------------+
  | SMITH  |           5 |
  | ALLEN  |           5 |
  | WARD   |           4 |
  | JONES  |           5 |
  | MARTIN |           6 |
  | BLAKE  |           5 |
  | CLARK  |           5 |
  | SCOTT  |           5 |
  | KING   |           4 |
  | TURNER |           6 |
  | ADAMS  |           5 |
  | JAMES  |           5 |
  | FORD   |           4 |
  | MILLER |           6 |
  +--------+-------------+
  14 rows in set (0.00 sec)
  ```

* `trim` 去空格

  ```shell
  mysql> select ename from emp where ename = trim('   king');
  +-------+
  | ename |
  +-------+
  | KING  |
  +-------+
  1 row in set (0.00 sec)
  ```

  

