# 数据处理函数

数据处理函数又叫单行处理函数，其特点是：一个输入对应一个输出。

和单行处理函数相对的是多行处理函数，多行处理函数是，多个输入，一个输出

单行处理函数常见的有：

* `lower`转小写

  ```mysql
  mysql> select lower(ename) from emp;
  +--------------+
  | lower(ename) |
  +--------------+
  | smith        |
  | allen        |
  | ward         |
  | jones        |
  | martin       |
  | blake        |
  | clark        |
  | scott        |
  | king         |
  | turner       |
  | adams        |
  | james        |
  | ford         |
  | miller       |
  +--------------+
  14 rows in set (0.00 sec)
  ```

* `upper`转大写

  ```mysql
  mysql> select upper(ename) from emp;
  +--------------+
  | upper(ename) |
  +--------------+
  | SMITH        |
  | ALLEN        |
  | WARD         |
  | JONES        |
  | MARTIN       |
  | BLAKE        |
  | CLARK        |
  | SCOTT        |
  | KING         |
  | TURNER       |
  | ADAMS        |
  | JAMES        |
  | FORD         |
  | MILLER       |
  +--------------+
  14 rows in set (0.00 sec)
  ```

* `substr(str, startIndex, subLength)`取子串，`str`为截取的子串，`startIndex`其实下标，`subLength`截取长度，起始长度从`1`开始，没有`0`

  ```mysql
  mysql> select substr(ename, 1, 2) from emp;
  +---------------------+
  | substr(ename, 1, 2) |
  +---------------------+
  | SM                  |
  | AL                  |
  | WA                  |
  | JO                  |
  | MA                  |
  | BL                  |
  | CL                  |
  | SC                  |
  | KI                  |
  | TU                  |
  | AD                  |
  | JA                  |
  | FO                  |
  | MI                  |
  +---------------------+
  14 rows in set (0.00 sec)
  ```

* `concat`函数进行字符串拼接

  ```mysql
  mysql> select concat(empno, ename) from emp;
  +----------------------+
  | concat(empno, ename) |
  +----------------------+
  | 7369SMITH            |
  | 7499ALLEN            |
  | 7521WARD             |
  | 7566JONES            |
  | 7654MARTIN           |
  | 7698BLAKE            |
  | 7782CLARK            |
  | 7788SCOTT            |
  | 7839KING             |
  | 7844TURNER           |
  | 7876ADAMS            |
  | 7900JAMES            |
  | 7902FORD             |
  | 7934MILLER           |
  +----------------------+
  14 rows in set (0.00 sec)
  ```

* `length` 取长度

  ```mysql
  mysql> select ename, length(ename) enamelength from emp;
  +--------+-------------+
  | ename  | enamelength |
  +--------+-------------+
  | SMITH  |           5 |
  | ALLEN  |           5 |
  | WARD   |           4 |
  | JONES  |           5 |
  | MARTIN |           6 |
  | BLAKE  |           5 |
  | CLARK  |           5 |
  | SCOTT  |           5 |
  | KING   |           4 |
  | TURNER |           6 |
  | ADAMS  |           5 |
  | JAMES  |           5 |
  | FORD   |           4 |
  | MILLER |           6 |
  +--------+-------------+
  14 rows in set (0.00 sec)
  ```

* `trim` 去空格

  ```mysql
  mysql> select ename from emp where ename = trim('   king');
  +-------+
  | ename |
  +-------+
  | KING  |
  +-------+
  1 row in set (0.00 sec)
  ```

* `round`四舍五入

  如果`select`后面跟的是字面值/字面值，例如字符串或者数字

  ```mysql
  select 'abc' from emp;
  +-----+
  | abc |
  +-----+
  | abc |
  | abc |
  | abc |
  | abc |
  | abc |
  | abc |
  | abc |
  | abc |
  | abc |
  | abc |
  | abc |
  | abc |
  | abc |
  | abc |
  +-----+
  14 rows in set (0.00 sec)
  
  mysql> select 1000 from emp;
  +------+
  | 1000 |
  +------+
  | 1000 |
  | 1000 |
  | 1000 |
  | 1000 |
  | 1000 |
  | 1000 |
  | 1000 |
  | 1000 |
  | 1000 |
  | 1000 |
  | 1000 |
  | 1000 |
  | 1000 |
  | 1000 |
  +------+
  14 rows in set (0.00 sec)
  ```

  > `select`后面可以跟某个表的字段名（可以等同看做变量名），也可以是字面量/字面值（数据）

  ```mysql
  mysql> select round(123456.4732947923, 0) as result from emp;
  +--------+
  | result |
  +--------+
  | 123456 |
  | 123456 |
  | 123456 |
  | 123456 |
  | 123456 |
  | 123456 |
  | 123456 |
  | 123456 |
  | 123456 |
  | 123456 |
  | 123456 |
  | 123456 |
  | 123456 |
  | 123456 |
  +--------+
  14 rows in set (0.00 sec)
  
  mysql> select round(123456.4732947923, 1) as result from emp;
  +----------+
  | result   |
  +----------+
  | 123456.5 |
  | 123456.5 |
  | 123456.5 |
  | 123456.5 |
  | 123456.5 |
  | 123456.5 |
  | 123456.5 |
  | 123456.5 |
  | 123456.5 |
  | 123456.5 |
  | 123456.5 |
  | 123456.5 |
  | 123456.5 |
  | 123456.5 |
  +----------+
  14 rows in set (0.00 sec)
  
  mysql> select round(123456.4732947923, -1) as result from emp;
  +--------+
  | result |
  +--------+
  | 123460 |
  | 123460 |
  | 123460 |
  | 123460 |
  | 123460 |
  | 123460 |
  | 123460 |
  | 123460 |
  | 123460 |
  | 123460 |
  | 123460 |
  | 123460 |
  | 123460 |
  | 123460 |
  +--------+
  14 rows in set (0.00 sec)
  ```

  > `round(field, num)`其中`num`表示四舍五入的范围，`0`表示取整，`1`表示保留一位小数，`-1`表示保留十位数

* `rand()`生成随机数

  ```mysql
  mysql> select rand() from emp;
  +---------------------+
  | rand()              |
  +---------------------+
  |  0.4865091810808603 |
  |  0.6386853080603158 |
  |  0.7338990277926428 |
  |   0.753439245515912 |
  |  0.5654991749352768 |
  |  0.5671781688622927 |
  | 0.13939335023927815 |
  |  0.9954322753431576 |
  |  0.5589813567315985 |
  |  0.8086099883621651 |
  |   0.366105902349675 |
  |  0.4046995773955244 |
  |  0.9251802106622422 |
  |  0.4118023518582828 |
  +---------------------+
  14 rows in set (0.00 sec)
  
  mysql> select round(rand()*100, 0) from emp;
  +----------------------+
  | round(rand()*100, 0) |
  +----------------------+
  |                   28 |
  |                   18 |
  |                    6 |
  |                   75 |
  |                   58 |
  |                   63 |
  |                   41 |
  |                   17 |
  |                   62 |
  |                   59 |
  |                    8 |
  |                   62 |
  |                   86 |
  |                   44 |
  +----------------------+
  14 rows in set (0.00 sec)
  ```

* `ifnull`可以将`null`转换为一个具体值

  `ifnull`是空处理函数，专门处理空的，在所有数据库当中，只要用`null`参与的数学运算，结果都是`null`

  ```mysql
  mysql> select ename, sal + comm as salcomm from emp;
  +--------+---------+
  | ename  | salcomm |
  +--------+---------+
  | SMITH  |    NULL |
  | ALLEN  | 1900.00 |
  | WARD   | 1750.00 |
  | JONES  |    NULL |
  | MARTIN | 2650.00 |
  | BLAKE  |    NULL |
  | CLARK  |    NULL |
  | SCOTT  |    NULL |
  | KING   |    NULL |
  | TURNER | 1500.00 |
  | ADAMS  |    NULL |
  | JAMES  |    NULL |
  | FORD   |    NULL |
  | MILLER |    NULL |
  +--------+---------+
  14 rows in set (0.00 sec)
  ```

  > `NULL`只要参与运算，最终结果一定是`NULL`。为了避免这个现象，需要使用`ifnull`函数

  计算每个员工的年薪：年薪 = （月薪 + 月补助）x 12

  ```mysql
  mysql> select ename, (sal + ifnull(comm, 0)) * 12 as yearsal from emp;
  +--------+----------+
  | ename  | yearsal  |
  +--------+----------+
  | SMITH  |  9600.00 |
  | ALLEN  | 22800.00 |
  | WARD   | 21000.00 |
  | JONES  | 35700.00 |
  | MARTIN | 31800.00 |
  | BLAKE  | 34200.00 |
  | CLARK  | 29400.00 |
  | SCOTT  | 36000.00 |
  | KING   | 60000.00 |
  | TURNER | 18000.00 |
  | ADAMS  | 13200.00 |
  | JAMES  | 11400.00 |
  | FORD   | 36000.00 |
  | MILLER | 15600.00 |
  +--------+----------+
  14 rows in set (0.00 sec)
  ```

* `case..when..then.. when.. then..else..end`

  当员工的工作岗位是`MANAGER`的时候，工资上调10%，当工作岗位是`SALESMAN`的时候，工资上调50%，其他正常

  ```mysql
  mysql> select ename,job , sal as oldsal, (case job when 'manager' then sal*1.1 when 'salesman' then sal*1.5 else sal end) as newsal from emp;
  +--------+-----------+---------+---------+
  | ename  | job       | oldsal  | newsal  |
  +--------+-----------+---------+---------+
  | SMITH  | CLERK     |  800.00 |  800.00 |
  | ALLEN  | SALESMAN  | 1600.00 | 2400.00 |
  | WARD   | SALESMAN  | 1250.00 | 1875.00 |
  | JONES  | MANAGER   | 2975.00 | 3272.50 |
  | MARTIN | SALESMAN  | 1250.00 | 1875.00 |
  | BLAKE  | MANAGER   | 2850.00 | 3135.00 |
  | CLARK  | MANAGER   | 2450.00 | 2695.00 |
  | SCOTT  | ANALYST   | 3000.00 | 3000.00 |
  | KING   | PRESIDENT | 5000.00 | 5000.00 |
  | TURNER | SALESMAN  | 1500.00 | 2250.00 |
  | ADAMS  | CLERK     | 1100.00 | 1100.00 |
  | JAMES  | CLERK     |  950.00 |  950.00 |
  | FORD   | ANALYST   | 3000.00 | 3000.00 |
  | MILLER | CLERK     | 1300.00 | 1300.00 |
  +--------+-----------+---------+---------+
  14 rows in set (0.00 sec)
  ```
