# 视图

## 什么是视图

`view`:站在不同的角度去看待同一份数据

## 创建删除视图

```mysql
create table dept2 as select * from dept;
create view dept2_view as select * from dept2;
drop view dept2_view;
```

> 只有`DQL`语句才能以`view`的形式创建

## 视图作用

可以面向视图对象进行增删改查，可以导致原图被操作

```mysql
mysql> insert into dept2_view(deptno, dname, loc) values(50, 'sales', 'chongqing');
Query OK, 1 row affected (0.01 sec)

mysql> select * from dept2;
+--------+------------+-----------+
| DEPTNO | DNAME      | LOC       |
+--------+------------+-----------+
|     10 | ACCOUNTING | NEW YORK  |
|     20 | RESEARCH   | DALLAS    |
|     30 | SALES      | CHICAGO   |
|     40 | OPERATIONS | BOSTON    |
|     50 | sales      | chongqing |
+--------+------------+-----------+
5 rows in set (0.00 sec)

mysql> delete from dept2_view;
Query OK, 5 rows affected (0.00 sec)

mysql> select * from dept2;
Empty set (0.00 sec)
```

## 开发中作用

```mysql
create view 
	emp_dept_view
as
	select 
		e.ename,e.sal,d.dname
	from
		emp e
	join
		dept d
	on
		e.deptno = d.deptno;
```



例子

```mysql
mysql> create view
    -> emp_dept_view
    -> as
    -> select
    -> e.ename,e.sal,d.dname
    -> from
    -> emp e
    -> join
    -> dept d
    -> on
    -> e.deptno = d.deptno;
Query OK, 0 rows affected (0.01 sec)

mysql> select * from emp_dept_view;
+--------+---------+------------+
| ename  | sal     | dname      |
+--------+---------+------------+
| SMITH  |  800.00 | RESEARCH   |
| ALLEN  | 1600.00 | SALES      |
| WARD   | 1250.00 | SALES      |
| JONES  | 2975.00 | RESEARCH   |
| MARTIN | 1250.00 | SALES      |
| BLAKE  | 2850.00 | SALES      |
| CLARK  | 2450.00 | ACCOUNTING |
| SCOTT  | 3000.00 | RESEARCH   |
| KING   | 5000.00 | ACCOUNTING |
| TURNER | 1500.00 | SALES      |
| ADAMS  | 1100.00 | RESEARCH   |
| JAMES  |  950.00 | SALES      |
| FORD   | 3000.00 | RESEARCH   |
| MILLER | 1300.00 | ACCOUNTING |
+--------+---------+------------+
14 rows in set (0.00 sec)

mysql> update emp_dept_view set sal = 1000 where dname = 'accounting';
Query OK, 3 rows affected (0.01 sec)
Rows matched: 3  Changed: 3  Warnings: 0

mysql> select * from emp;
+-------+--------+-----------+------+------------+---------+---------+--------+
| EMPNO | ENAME  | JOB       | MGR  | HIREDATE   | SAL     | COMM    | DEPTNO |
+-------+--------+-----------+------+------------+---------+---------+--------+
|  7369 | SMITH  | CLERK     | 7902 | 1980-12-17 |  800.00 |    NULL |     20 |
|  7499 | ALLEN  | SALESMAN  | 7698 | 1981-02-20 | 1600.00 |  300.00 |     30 |
|  7521 | WARD   | SALESMAN  | 7698 | 1981-02-22 | 1250.00 |  500.00 |     30 |
|  7566 | JONES  | MANAGER   | 7839 | 1981-04-02 | 2975.00 |    NULL |     20 |
|  7654 | MARTIN | SALESMAN  | 7698 | 1981-09-28 | 1250.00 | 1400.00 |     30 |
|  7698 | BLAKE  | MANAGER   | 7839 | 1981-05-01 | 2850.00 |    NULL |     30 |
|  7782 | CLARK  | MANAGER   | 7839 | 1981-06-09 | 1000.00 |    NULL |     10 |
|  7788 | SCOTT  | ANALYST   | 7566 | 1987-04-19 | 3000.00 |    NULL |     20 |
|  7839 | KING   | PRESIDENT | NULL | 1981-11-17 | 1000.00 |    NULL |     10 |
|  7844 | TURNER | SALESMAN  | 7698 | 1981-09-08 | 1500.00 |    0.00 |     30 |
|  7876 | ADAMS  | CLERK     | 7788 | 1987-05-23 | 1100.00 |    NULL |     20 |
|  7900 | JAMES  | CLERK     | 7698 | 1981-12-03 |  950.00 |    NULL |     30 |
|  7902 | FORD   | ANALYST   | 7566 | 1981-12-03 | 3000.00 |    NULL |     20 |
|  7934 | MILLER | CLERK     | 7782 | 1982-01-23 | 1000.00 |    NULL |     10 |
+-------+--------+-----------+------+------------+---------+---------+--------+
14 rows in set (0.00 sec)
```

> 视图可以简化开发
>
> 视图对应的语句智能是`DQL`语句，视图对象创建之后，可以对视图进行增删改查的操作
>
> 增删改查，又叫做：CRUD
>
> * C: Create（增）
> * R: Retrive（查：检索）
> * U: Update（改）
> * D: Delete（删）

