# 连接查询

## 去除重复记录

原表数据不会被修改，只是查询结果去除，关键字`distinct`

```mysql
mysql> select distinct job from emp;
+-----------+
| job       |
+-----------+
| CLERK     |
| SALESMAN  |
| MANAGER   |
| ANALYST   |
| PRESIDENT |
+-----------+
5 rows in set (0.00 sec)
```

> `distinct`只能出现在所有字段前面，表示所有字段联合起来去重
>
> ```mysql
> mysql> select distinct job, deptno from emp;
> +-----------+--------+
> | job       | deptno |
> +-----------+--------+
> | CLERK     |     20 |
> | SALESMAN  |     30 |
> | MANAGER   |     20 |
> | MANAGER   |     30 |
> | MANAGER   |     10 |
> | ANALYST   |     20 |
> | PRESIDENT |     10 |
> | CLERK     |     30 |
> | CLERK     |     10 |
> +-----------+--------+
> 9 rows in set (0.00 sec)
> ```

统计一下工作岗位的数量

```mysql
mysql> select count(distinct job) from emp;
+---------------------+
| count(distinct job) |
+---------------------+
|                   5 |
+---------------------+
1 row in set (0.00 sec)
```

## 连接查询基础知识

从一张表中单独查询，称为单表查询，从多张表联合起来查询数据，被称为连接查询

连接查询的分类：

按照年代

* `SQL92`：1992出现的语法
* `SQL99`：1999出现的语法

连接的方式

* 内连接
  * 等值连接
  * 非等值连接
  * 自连接
* 外连接
  * 左外连接（左连接）
  * 右外连接（右连接）

### 笛卡尔积现象

当两张表连接查询时，没有任何条件的限制会发生什么现象

```mysql
mysql> select ename, dname from emp, dept;
+--------+------------+
| ename  | dname      |
+--------+------------+
| SMITH  | OPERATIONS |
| SMITH  | SALES      |
| SMITH  | RESEARCH   |
| SMITH  | ACCOUNTING |
| ALLEN  | OPERATIONS |
| ALLEN  | SALES      |
| ALLEN  | RESEARCH   |
| ALLEN  | ACCOUNTING |
| WARD   | OPERATIONS |
| WARD   | SALES      |
| WARD   | RESEARCH   |
| WARD   | ACCOUNTING |
| JONES  | OPERATIONS |
| JONES  | SALES      |
| JONES  | RESEARCH   |
| JONES  | ACCOUNTING |
| MARTIN | OPERATIONS |
| MARTIN | SALES      |
| MARTIN | RESEARCH   |
| MARTIN | ACCOUNTING |
| BLAKE  | OPERATIONS |
| BLAKE  | SALES      |
| BLAKE  | RESEARCH   |
| BLAKE  | ACCOUNTING |
| CLARK  | OPERATIONS |
| CLARK  | SALES      |
| CLARK  | RESEARCH   |
| CLARK  | ACCOUNTING |
| SCOTT  | OPERATIONS |
| SCOTT  | SALES      |
| SCOTT  | RESEARCH   |
| SCOTT  | ACCOUNTING |
| KING   | OPERATIONS |
| KING   | SALES      |
| KING   | RESEARCH   |
| KING   | ACCOUNTING |
| TURNER | OPERATIONS |
| TURNER | SALES      |
| TURNER | RESEARCH   |
| TURNER | ACCOUNTING |
| ADAMS  | OPERATIONS |
| ADAMS  | SALES      |
| ADAMS  | RESEARCH   |
| ADAMS  | ACCOUNTING |
| JAMES  | OPERATIONS |
| JAMES  | SALES      |
| JAMES  | RESEARCH   |
| JAMES  | ACCOUNTING |
| FORD   | OPERATIONS |
| FORD   | SALES      |
| FORD   | RESEARCH   |
| FORD   | ACCOUNTING |
| MILLER | OPERATIONS |
| MILLER | SALES      |
| MILLER | RESEARCH   |
| MILLER | ACCOUNTING |
+--------+------------+
56 rows in set (0.01 sec)
```

> 当两张表进行连接查询，没有任何条件限制的时候，最终查询的结果，是两张表数目的乘积，这种现象被称为：笛卡尔积
>
> 连接的时候加条件，满足这个条件的记录被筛选出来

```mysql
mysql> select ename, dname from emp, dept where emp.deptno = dept.deptno;
+--------+------------+
| ename  | dname      |
+--------+------------+
| SMITH  | RESEARCH   |
| ALLEN  | SALES      |
| WARD   | SALES      |
| JONES  | RESEARCH   |
| MARTIN | SALES      |
| BLAKE  | SALES      |
| CLARK  | ACCOUNTING |
| SCOTT  | RESEARCH   |
| KING   | ACCOUNTING |
| TURNER | SALES      |
| ADAMS  | RESEARCH   |
| JAMES  | SALES      |
| FORD   | RESEARCH   |
| MILLER | ACCOUNTING |
+--------+------------+
14 rows in set (0.00 sec)
```

> 思考一下，最终查询结果的条数是14条，最终匹配的次数减少了吗？
>
> 还是同样的匹配次数 $n \times m$，次数没有减少，效率比较低，可以使用表起别名

```mysql
mysql> select e.ename, d.dname from emp e, dept d where e.deptno = d.deptno;
+--------+------------+
| ename  | dname      |
+--------+------------+
| SMITH  | RESEARCH   |
| ALLEN  | SALES      |
| WARD   | SALES      |
| JONES  | RESEARCH   |
| MARTIN | SALES      |
| BLAKE  | SALES      |
| CLARK  | ACCOUNTING |
| SCOTT  | RESEARCH   |
| KING   | ACCOUNTING |
| TURNER | SALES      |
| ADAMS  | RESEARCH   |
| JAMES  | SALES      |
| FORD   | RESEARCH   |
| MILLER | ACCOUNTING |
+--------+------------+
14 rows in set (0.00 sec)
```

> 上述的语法是`SQL92`语法
>
> 注意：通过笛卡尔积现象得出，表的连接次数越多，效率越低，尽量避免笛卡尔积现象

## 内连接

### 等值连接

查询每个员工所在的部门名称，显示员工名和部门名

`SQL99`语法

```mysql
mysql> select e.ename, d.dname from emp e join dept d on e.deptno = d.deptno;
+--------+------------+
| ename  | dname      |
+--------+------------+
| SMITH  | RESEARCH   |
| ALLEN  | SALES      |
| WARD   | SALES      |
| JONES  | RESEARCH   |
| MARTIN | SALES      |
| BLAKE  | SALES      |
| CLARK  | ACCOUNTING |
| SCOTT  | RESEARCH   |
| KING   | ACCOUNTING |
| TURNER | SALES      |
| ADAMS  | RESEARCH   |
| JAMES  | SALES      |
| FORD   | RESEARCH   |
| MILLER | ACCOUNTING |
+--------+------------+
14 rows in set (0.00 sec)
```

> `SQL99`倡导表连接和后续条件过滤分离，结构更加清晰
>
> `SQL92`的缺点：结构不够清晰，表的连接条件，和后期进一步筛选的条件，都放到`where`后面
>
> `SQL99`的优点：表连接的条件是独立的，连接之后，如果还需要进一步筛选，再往后继续添加`where`条件

也可以加上`inner`

```mysql
mysql> select e.ename, d.dname from emp e inner join dept d on e.deptno = d.deptno;
+--------+------------+
| ename  | dname      |
+--------+------------+
| SMITH  | RESEARCH   |
| ALLEN  | SALES      |
| WARD   | SALES      |
| JONES  | RESEARCH   |
| MARTIN | SALES      |
| BLAKE  | SALES      |
| CLARK  | ACCOUNTING |
| SCOTT  | RESEARCH   |
| KING   | ACCOUNTING |
| TURNER | SALES      |
| ADAMS  | RESEARCH   |
| JAMES  | SALES      |
| FORD   | RESEARCH   |
| MILLER | ACCOUNTING |
+--------+------------+
14 rows in set (0.01 sec)
```

### 非等值连接

找出每个员工的薪资等级，要求显示员工名、薪资、薪资等级

```mysql
mysql> select e.ename, e.sal, s.grade from emp e inner join salgrade s on e.sal between s.losal and s.hisal;
+--------+---------+-------+
| ename  | sal     | grade |
+--------+---------+-------+
| SMITH  |  800.00 |     1 |
| ALLEN  | 1600.00 |     3 |
| WARD   | 1250.00 |     2 |
| JONES  | 2975.00 |     4 |
| MARTIN | 1250.00 |     2 |
| BLAKE  | 2850.00 |     4 |
| CLARK  | 2450.00 |     4 |
| SCOTT  | 3000.00 |     4 |
| KING   | 5000.00 |     5 |
| TURNER | 1500.00 |     3 |
| ADAMS  | 1100.00 |     1 |
| JAMES  |  950.00 |     1 |
| FORD   | 3000.00 |     4 |
| MILLER | 1300.00 |     2 |
+--------+---------+-------+
14 rows in set (0.01 sec)
```

> `inner`可以省略
>
> 条件不是一个等量关系，成为**非等值连接**

### 自连接

查询员工的上级领导，要求显示员工和对应领导名

一张表可以看成两张表

```mysql
mysql> select e.ename as '员工名', m.ename as '领导名' from emp e inner join emp m on e.mgr = m.empno;
+--------+--------+
| 员工名 | 领导名 |
+--------+--------+
| SMITH  | FORD   |
| ALLEN  | BLAKE  |
| WARD   | BLAKE  |
| JONES  | KING   |
| MARTIN | BLAKE  |
| BLAKE  | KING   |
| CLARK  | KING   |
| SCOTT  | JONES  |
| TURNER | BLAKE  |
| ADAMS  | SCOTT  |
| JAMES  | BLAKE  |
| FORD   | JONES  |
| MILLER | CLARK  |
+--------+--------+
13 rows in set (0.00 sec)
```

> 查询的结果只有13条记录，没有`KING`
>
> 以上就是内连接中的**自连接**：一张表看成两种表

## 外连接

```mysql
select
	e.ename, d.dname
from 
	emp e
join
	dept d
on 
	e.deptno = d.deptno;
```

> 可以看到上面的语法，**内连接的特点**是完成能够匹配这个条件的数据查询出来了

添加一个`right`在`join`前：表示将`join`关键字右边的这张表看做主表，主要是为了将这张表的全部数据查询出来，捎带着关联查询左边的表

```mysql
mysql> select e.ename, d.dname from emp e right join dept d on e.deptno = d.deptno;
+--------+------------+
| ename  | dname      |
+--------+------------+
| MILLER | ACCOUNTING |
| KING   | ACCOUNTING |
| CLARK  | ACCOUNTING |
| FORD   | RESEARCH   |
| ADAMS  | RESEARCH   |
| SCOTT  | RESEARCH   |
| JONES  | RESEARCH   |
| SMITH  | RESEARCH   |
| JAMES  | SALES      |
| TURNER | SALES      |
| BLAKE  | SALES      |
| MARTIN | SALES      |
| WARD   | SALES      |
| ALLEN  | SALES      |
| NULL   | OPERATIONS |
+--------+------------+
15 rows in set (0.00 sec)
```

> 在外连接中，两张表的连接关系存在**主次关系**
>
> 带有`right`是右外连接，又叫右连接
>
> 带有`left`是左外连接，又叫左连接
>
> 任何一个右连接都有左连接的写法，任何一个左连接都有一个右连接的写法。
>
> 也可以用`right/left outer join`，其中`outer`可以省略的，带上可读性更强

思考：外连接的查询结果条数一定是$>=$内连接的查询结果条数？

​		正确

案例：查询每个员工的上级领导，要求显示所有员工和领导名

```mysql
mysql> select e.empno, e.ename as '员工名', m.ename as '领导名' from emp e left join emp m on e.mgr = m.empno;
+-------+--------+--------+
| empno | 员工名 | 领导名 |
+-------+--------+--------+
|  7369 | SMITH  | FORD   |
|  7499 | ALLEN  | BLAKE  |
|  7521 | WARD   | BLAKE  |
|  7566 | JONES  | KING   |
|  7654 | MARTIN | BLAKE  |
|  7698 | BLAKE  | KING   |
|  7782 | CLARK  | KING   |
|  7788 | SCOTT  | JONES  |
|  7839 | KING   | NULL   |
|  7844 | TURNER | BLAKE  |
|  7876 | ADAMS  | SCOTT  |
|  7900 | JAMES  | BLAKE  |
|  7902 | FORD   | JONES  |
|  7934 | MILLER | CLARK  |
+-------+--------+--------+
14 rows in set (0.00 sec)
```

> **选择主表**，可以思考到底需要主要查询的信息在哪个表，哪个表就是主表

## 多张表连接

```mysql
select
	...
from
	a
join
	b
on
	a b 条件
join
	c
on
	a c 条件
right join
	d
on
	a d 条件;
```

> 一条`SQL`语句中内连接和外连接可以混合，都可以出现

案例：找出每个员工的部门名称以及工资等级，要求显示员工名，部门名、薪资和薪资等级

```mysql
mysql> select e.ename, d.dname, e.sal, s.grade from emp e join dept d on e.deptno = d.deptno join salgrade s on e.sal between s.losal and s.hisal;
+--------+------------+---------+-------+
| ename  | dname      | sal     | grade |
+--------+------------+---------+-------+
| SMITH  | RESEARCH   |  800.00 |     1 |
| ALLEN  | SALES      | 1600.00 |     3 |
| WARD   | SALES      | 1250.00 |     2 |
| JONES  | RESEARCH   | 2975.00 |     4 |
| MARTIN | SALES      | 1250.00 |     2 |
| BLAKE  | SALES      | 2850.00 |     4 |
| CLARK  | ACCOUNTING | 2450.00 |     4 |
| SCOTT  | RESEARCH   | 3000.00 |     4 |
| KING   | ACCOUNTING | 5000.00 |     5 |
| TURNER | SALES      | 1500.00 |     3 |
| ADAMS  | RESEARCH   | 1100.00 |     1 |
| JAMES  | SALES      |  950.00 |     1 |
| FORD   | RESEARCH   | 3000.00 |     4 |
| MILLER | ACCOUNTING | 1300.00 |     2 |
+--------+------------+---------+-------+
14 rows in set (0.00 sec)
```

案例：找出每个员工的部门名称以及工资等级，要求显示员工名、**领导名**、部门名、薪资和薪资等级

```mysql
select
	e.ename, e.sal, d.dname, s.grade, l.ename
from
	emp e
join
	dept d
on 
	e.deptno = d.deptno
join
	salgrade s
on 
	e.sal between s.losal and s.hisal
left join 
	emp l
on
	e.mgr = l.empno;

+--------+---------+------------+-------+-------+
| ename  | sal     | dname      | grade | ename |
+--------+---------+------------+-------+-------+
| SMITH  |  800.00 | RESEARCH   |     1 | FORD  |
| ALLEN  | 1600.00 | SALES      |     3 | BLAKE |
| WARD   | 1250.00 | SALES      |     2 | BLAKE |
| JONES  | 2975.00 | RESEARCH   |     4 | KING  |
| MARTIN | 1250.00 | SALES      |     2 | BLAKE |
| BLAKE  | 2850.00 | SALES      |     4 | KING  |
| CLARK  | 2450.00 | ACCOUNTING |     4 | KING  |
| SCOTT  | 3000.00 | RESEARCH   |     4 | JONES |
| KING   | 5000.00 | ACCOUNTING |     5 | NULL  |
| TURNER | 1500.00 | SALES      |     3 | BLAKE |
| ADAMS  | 1100.00 | RESEARCH   |     1 | SCOTT |
| JAMES  |  950.00 | SALES      |     1 | BLAKE |
| FORD   | 3000.00 | RESEARCH   |     4 | JONES |
| MILLER | 1300.00 | ACCOUNTING |     2 | CLARK |
+--------+---------+------------+-------+-------+
14 rows in set (0.00 sec)
```

## 子查询

`select`语句中嵌套`select`语句，被嵌套的`select`语句被称为子查询

`select`可以出现在

```mysql
select
	...(select)
from
	...(select)
where
	...(select)
```

### `where`子句中的子查询

案例：找出比最低工资高的员工姓名和工资

实现思路：

* 第一步：查询最低工资是多少

  ```mysql
  select min(sal) from emp;
  ```

* 第二步：找出$>800$的

  ```mysql
  select ename, sal from emp where sal > 800;
  ```

* 第三步：合并

  ```mysql
  mysql> select ename, sal from emp where sal > (select min(sal) from emp);
  +--------+---------+
  | ename  | sal     |
  +--------+---------+
  | ALLEN  | 1600.00 |
  | WARD   | 1250.00 |
  | JONES  | 2975.00 |
  | MARTIN | 1250.00 |
  | BLAKE  | 2850.00 |
  | CLARK  | 2450.00 |
  | SCOTT  | 3000.00 |
  | KING   | 5000.00 |
  | TURNER | 1500.00 |
  | ADAMS  | 1100.00 |
  | JAMES  |  950.00 |
  | FORD   | 3000.00 |
  | MILLER | 1300.00 |
  +--------+---------+
  13 rows in set (0.00 sec)
  ```

### `from`子句中的子查询

>  `from`后面的子查询，可以将子查询的查询结果当做一张临时表

案例：找出每个岗位的平均工资的薪资等级

* 第一步：找出每个岗位的平均工资，按照岗位分组求平均值

  ```mysql
  mysql> select job, avg(sal) from emp group by job;
  +-----------+-------------+
  | job       | avg(sal)    |
  +-----------+-------------+
  | CLERK     | 1037.500000 |
  | SALESMAN  | 1400.000000 |
  | MANAGER   | 2758.333333 |
  | ANALYST   | 3000.000000 |
  | PRESIDENT | 5000.000000 |
  +-----------+-------------+
  5 rows in set (0.00 sec)
  ```

* 将以上查询的结果当做一个临时表`t`

  ```mysql
  mysql> select t.*, s. grade from (select job, avg(sal) as avgsal from emp group by job) as t join salgrade s on t.avgsal between s.losal and s.hisal;
  +-----------+-------------+-------+
  | job       | avgsal      | grade |
  +-----------+-------------+-------+
  | CLERK     | 1037.500000 |     1 |
  | SALESMAN  | 1400.000000 |     2 |
  | MANAGER   | 2758.333333 |     4 |
  | ANALYST   | 3000.000000 |     4 |
  | PRESIDENT | 5000.000000 |     5 |
  +-----------+-------------+-------+
  5 rows in set (0.00 sec)
  ```

### `select`后面出现的子查询

案例：找出每个员工的部门名称，要求显示员工名、部门名

```mysql
mysql> select e.ename, e.deptno, (select d.dname from dept d where e.deptno = d.deptno) as dname from emp e;
+--------+--------+------------+
| ename  | deptno | dname      |
+--------+--------+------------+
| SMITH  |     20 | RESEARCH   |
| ALLEN  |     30 | SALES      |
| WARD   |     30 | SALES      |
| JONES  |     20 | RESEARCH   |
| MARTIN |     30 | SALES      |
| BLAKE  |     30 | SALES      |
| CLARK  |     10 | ACCOUNTING |
| SCOTT  |     20 | RESEARCH   |
| KING   |     10 | ACCOUNTING |
| TURNER |     30 | SALES      |
| ADAMS  |     20 | RESEARCH   |
| JAMES  |     30 | SALES      |
| FORD   |     20 | RESEARCH   |
| MILLER |     10 | ACCOUNTING |
+--------+--------+------------+
14 rows in set (0.00 sec)
```

> ```mysql
> mysql> select e.ename, e.deptno, (select d.dname from dept d) as dname from emp e;
> ERROR 1242 (21000): Subquery returns more than 1 row
> ```
>
> 注意`select`后面的子查询记录返回的**只允许返回一条**，如果多余一条的记录，会产生错误

## 合并`union`

`union`合并查询结果集

案例：查询工作岗位是`manager`和`salesman`的员工

```mysql
mysql> select ename, job from emp where job = 'manager' or job = 'salesman';
+--------+----------+
| ename  | job      |
+--------+----------+
| ALLEN  | SALESMAN |
| WARD   | SALESMAN |
| JONES  | MANAGER  |
| MARTIN | SALESMAN |
| BLAKE  | MANAGER  |
| CLARK  | MANAGER  |
| TURNER | SALESMAN |
+--------+----------+
7 rows in set (0.00 sec)
```

如何使用`union`合并

```mysql
select ename, job from emp where job = 'manager'
union
select ename, job from emp where job = 'salesman';
```

> * `union`的效率要高一些，对于表连接来说，每连接一次新表，则匹配的次数满足笛卡尔积，成倍的翻
>
> * 但是`union`可以减少匹配的次数，在减少匹配的次数的情况下，还可以完成两个结果集的拼接
>
> * `union`把乘法变成了加法
>
> * `union`在进行结果集合并的时候，要求两个结果集的列数相同，并且在`ORACLE`中，合并的时候还要求列和列的数据类型相同

## `limit`

* `limit`的作用是将查询的结果的一部分显示出来，通常使用在分页查询中

* 例如网页中默认显示10条记录

* 分页的作用是为了提高用户的体验，因为一次全部查询出来，用户体验差

案例：按照薪资降序，去除排名在前5名的员工

```mysql
mysql> select ename, sal from emp order by sal desc limit 5;
+-------+---------+
| ename | sal     |
+-------+---------+
| KING  | 5000.00 |
| SCOTT | 3000.00 |
| FORD  | 3000.00 |
| JONES | 2975.00 |
| BLAKE | 2850.00 |
+-------+---------+
5 rows in set (0.00 sec)
```

> `limit startIndex, length` 其中`startIndex`是起始下标，默认为`0`，`length`是长度
>
> `mysql`当中`limit`是在`order by`之后执行的

取出工资排名在`3-5`的员工和工资

```mysql
mysql> select ename, sal from emp order by sal desc limit 2, 3;
+-------+---------+
| ename | sal     |
+-------+---------+
| FORD  | 3000.00 |
| JONES | 2975.00 |
| BLAKE | 2850.00 |
+-------+---------+
3 rows in set (0.00 sec)
```

## 分页

每页显示3条记录

* 第一页：`limit 0, 3`
* 第二页：`limit 3, 3`
* 第三页：`limit 6, 3`
* 第n页：`limit 3*(n-1), 3`;

```java
String sql = "select ... limit " + startIndex + ", " + pageSize;
```

分页的计算公式
$$
limit \quad  (pageNumber - 1)*pageSize, \quad pageSize
$$

## `DQL`语句的大总结

```mysql
select
	...
from
	...
where
	...
group by
	...
having
	...
order by
	...
limit
	...
```

执行顺序

1. `from`
2. `where`
3. `group by`
4. `having`
5. `select`
6. `order by`
7. `limit ...`

